id,name,birthDate,birthArea
0,√Ñrsenik,1992,
1,Niro,1987-07-08,Orl√©ans
2,Kheops,1966-05-04,
3,Pit Baccardi,1978-06-09,Yaound√©
4,MC Solaar,1969-03-05,Dakar
5,Daddy Lord C,1970-01-07,
6,Rockin' Squat,1969-09-07,
7,La Caution,,
8,Generation Rap,,
9,Ill.,1977-09-28,Towada
10,Booba,1976-12-09,Boulogne-Billancourt
11,Mala,,
12,IAM,1989,Marseille
13,Akhenaton,1968-09-17,Marseille
14,Fonky Family,,Marseille
15,M Group,,
16,M√©n√©lik,1970-09-10,Centre
17,Don Choa,1974,
18,113,,
19,Demon One,1975-07-02,Choisy-le-Roi
20,Minist√®re A.M.E.R.,,
21,Stomy Bugsy,1972-05-21,Paris
22,Les Sages Po√®tes de la rue,1987,Boulogne-Billancourt
23,Buddha Monk,,Brooklyn
24,Faya Dem,,
25,Tandem,,
26,L'Squasdrille,,
27,2 Bal,,
28,Laure Milan,1980,
29,Le 3√®me Oeil,,Marseille
30,J.P.,,
31,White & Spirit,,
32,Ekou√©,1975-04-19,Villiers-le-Bel
33,Sinistre,,
34,KDD,,
35,Mac Tyer,1979-04-23,Aubervilliers
36,Mac Kregor,1979,
37,Diam's,1980-07-25,Nicosia
38,Kery James,1977-12-28,Les Abymes
39,Faf La Rage,1971-03-06,Marseille
40,Lino,1974-05-03,Brazzaville
41,Kazkami,,
42,El Tunisiano,1979-05-19,Deuil-la-Barre
43,La Brigade,1992,
44,Different Teep,,
45,Scred Connexion,1990,
46,Fabe,1971-05-09,Paris
47,Koma,,
48,Time Bomb Team ( Oxmo; X-Men; Pit Baccardi; Hifi; Lunatic ),1978-06-09,Yaound√©
49,Fat Cap,,
50,JoeyStarr,1967-10-27,Saint-Denis
51,Cut Killer,1971,
52,Kimfu,,
53,Youssoupha,1979-08-29,Kinshasa
54,Kaaris,1980-01-30,Abidjan
55,Dad PPDA,1974,Marseille
56,eben,1996-06-13,Brandon
57,El Tuinisiano,,
58,Doudou Masta,1971-02-26,Vitry-sur-Seine
59,Don Sylver,2001,Lier
60,Sulee B Wax,1970,
61,Dr. Charles G. Hayes & the Cosmopolitan Church of Prayer Choir of Chicago,,
62,Lunatic,1994,
63,Dj Kheops,1966-05-04,
64,Le Rat Luciano,1976-04-09,Marseille
65,La Cliqua,1993,
66,Passi,1972-12-21,Brazzaville
67,Lotfi Bouchnak,1952-01-18,Tunis
68,Youness,,
69,Zoxea,1974-11-11,S√®vres
70,N√®g' Marrons,1995,Garges-l√®s-Gonesse
71,GIMS,1986-05-05,Kinshasa
72,Dry,1977-11-19,Villepinte
73,La Squadra ( Daddy Lord C et Rocca ),1970-01-07,
74,Bisso na Bisso,,
75,Isma√´l L√¥,1956-08-30,Dosso
76,Jeanl,,
77,Sir Doum's,,
78,X-Men,,
79,Gradur,1990-11-28,Roubaix
80,Dj√©,,
81,G√®n Renard,,
82,Armand,1946-04-10,Eindhoven
83,Don Geo,,
84,Ste Strausz,1977,Val-de-Marne
85,Jszan Gali,,
86,Orelsan,1982-08-01,Alen√ßon
87,La Clinique,,
88,Ideal J,1991,
89,Nahid Akhtar,,
90,Naseem Begum,1936,
91,Doc Gyn√©co,1974-05-10,Clichy-sous-Bois
92,Shurik'n,1966-03-11,Miramas
93,Alliance Ethnik,1990,Creil
94,Kwin Labani,,
95,Black R√©n√©gat,,
96,Gros Mo,,
97,Alpha Wann,1989-07-02,Paris
98,Bruce Lee,1940-11-27,San Francisco
99,Freeman,1972-05-09,
100,Fossoyeur,,Courbevoie
101,Anis Lekiss,1977-03,Pontoise
102,Lord Kossity,1973-01-01,
103,Don Capelli,,
104,Seth Gueko,1980-10-27,
105,Oxmo Puccino,1974-08-03,S√©gou
106,Le Bavar,,√âlancourt
107,Boss,,
108,Haroun,,
109,Mokless,1977,
110,2 Neg,,
111,Mystik,2006,Nyk√∂ping
112,Method Man,1971-03-02,Hempstead
113,Redman,1970-04-17,Newark
114,Guizmo,1991-01-21,
115,Kool Shen,1966-02-09,Seine-Saint-Denis
116,Salif,1982,
117,Les Sp√©cialistes,1997,
118,Manu Key,1971-03-28,Guadeloupe
119,Migos,2008,Lawrenceville
120,Jacky,,
121,Sat,,
122,Menzo,1975,
123,Coka Brown,,
124,Dadoo,1974,Marseille
125,F.Dy,,
126,Die,1982,Berlin
127,Tiwony,,Guadeloupe
128,Chico,,
129,Nicky B,,
130,Alkpote,1981-02-03,
131,ATK,1995,Paris
132,Le Barillet,1997,
133,Elsa Lunghini,1973-05-20,
134,Hayce Lemsi,1987-12-16,Ouargla
135,Noyau Dur,2000,
136,Intouchable,1992,Val-de-Marne
137,Angelique Kidjo,1960-07-14,Cotonou
138,Jerome Prister,,
139,Cheba Fadela,1962-02-05,Oran
140,Meiway,1962-03-17,Abidjan
141,Les Nubians,1998,Paris
142,Mayra Andrade,1985-02-13,La Habana
143,Cheb Houcine,,
144,Papa Wemba,1949-06-14,Kasai-Oriental
145,Ishmael,,
146,Jacob Desvarieux,1955-11-21,Paris
147,Cheb Akil,1974-06-27,A√Øn Defla
148,Queen Eteme,,
149,Billy Dikossa's,1993,Mississauga
150,Zola,1985-07-18,
151,Bengani Fassie,1964-11-03,Cape Town
152,Guy Waku,,Democratic Republic of the Congo
153,Les ch≈ìurs Zulu de Soweto,,
154,Laskiiz,,
155,Faf Larage,1971-03-06,Marseille
156,K-Rhyme Le Roi,,
157,Espoir 2000,,
158,Dreiser,,
159,Sexto Sentido,1997,La Habana
160,Theo Parrish,1972,"Washington, D.C."
161,Tunisiano,1979-05-19,Deuil-la-Barre
162,Assassin,1985,Paris
163,Enfants Terribles,1966,
164,SCH,1993-04-06,Marseille
165,J-Mi Sissoko,,
166,Les Cautionneurs,,
167,Jacky Brown,1972-05-21,
168,Carlito,,
169,Debaba,1961,Democratic Republic of the Congo
170,DJ Kobe,,
171,Volodia,,
172,OGB,1977,
173,DJ Mehdi,1977-01-20,Hauts-de-Seine
174,ANTILOPSA,,
175,Koffi Olomid√©,1956-07-13,Democratic Republic of the Congo
176,Lokua Kanza,1958-04,Sud-Kivu
177,Monique Seka,,
178,Tanya St Val,1965-12-15,Basse-Terre
179,Elgany,,
180,Take a Mic,1994-09-24,
181,Hifi,,
182,Oxmo,,Konstanz
183,K'NAAN,1978-02-01,Mogadishu
184,Hamed Daye,1971,
185,Papou,,
186,MAM,,
187,Iron Sy,1979-01-14,Paris
188,Sinik,1980-06-26,
189,Daddy Mory,,
190,Shacow Black,1989,Atlanta
191,Vinia Mojica,1970-03-14,Queens
192,Sentenza,,
193,Ali,2016-06-03,Japan
194,Makala,1993-03-07,Biel/Bienne
195,G.A.N,,Sheffield
196,RAJA,,
197,Viper,1971-10-07,El Dorado
198,Fally Ipupa,1977-12-14,Kinshasa
199,Tanya St-Val,1965-12-15,Basse-Terre
200,Koffi Olomide,1956-07-13,Democratic Republic of the Congo
201,Freko,,
202,K-Reen,,French Guiana
203,Vasquez,,
204,Calbo,,
205,The Time Bomb,2005,
206,Bauza,1911-04-28,La Habana
207,Milicia Callejera,,Concordia
208,Pierpoljak,1964-09-07,Paris
209,Faada Freddy,1975-01-10,Saint-Louis
210,Kertra,,
211,Kadaz,,
212,Arrafat,,
213,Moz l'Ours Blanc,1976,
214,Molare,,
215,Grande Instance,,
216,Les Rongeurs,,
217,Les Novices du Vice,,
218,Djamatik,,
219,Chateau Flight,,
220,Sek One,,
221,Gibson,1928-04-03,Shelby
222,L'Ego.X,,
223,DJ Battle,,
224,Nas,1973-09-14,Brooklyn
225,M√©nage √† trois,,
226,Baduy,,
227,Ibrahim Maalouf,1980-12-05,Beyrouth
228,Rohff,1977-12-15,Antananarivo
229,Rim'K,1978-06-21,Paris
230,Les X-Men,,
231,Irons,2007,United States
232,Dany Dan,,
233,Josman,,
234,Nicoletta,1944-04-11,Thonon-les-Bains
235,Cyanure,,
236,Morad,,
237,Mass Hysteria,1993,
238,Hooss,1992-06-03,
239,AP du 113,,
240,Karlito,,Orly
241,Hi:Fi,1998-08-02,
242,Fdy Phenomen,,
243,Medhy Custos,1973-07-04,Paris
244,Yaniss Odua,,
245,Liberty King,,
246,Zaho,1980-05-10,Algeria
247,Youssou N'Dour,1959-10-01,Dakar
248,Def Bond,1969,
249,Faya D,,
250,Christophe Ma√©,1975-10-16,Carpentras
251,Raphael,1943-05-05,Linares
252,D.Abuz System,1990,
253,Sl√©o,,
254,Space Rca,,
255,Dunndee,,
256,Asom,,
257,China,1985,
258,Jack Many,,
259,Myssa,,
260,Wallas,,
261,Taro OG,,
262,Juicy P,,
263,Ahmed Rushdi,1934-04-24,
264,Hasheem,,
265,Zaharya,,
266,Iz√© Teixeira,1974,Ilhas de Sotavento
267,Patrice,1979-07-09,Kerpen
268,Dimi Donkya,,
269,Mamido,,
270,Jaeyez,,
271,Soprano,1979-01-14,Marseille
272,Alonzo,1982-07-25,
273,Lord Kossity Zoxea,1973-01-01,
274,Busta Flex,1977-09-30,Soisy-sous-Montmorency
275,Pierro,,
276,L'Skadrille,1996,
277,La Rumeur,1997,
278,MC Janik,,Guadeloupe
279,Tequila,1975,Madrid
280,Mafia K'1 Fry,1995,
281,A.P.,1979,Vitry-sur-Seine
282,Ta√Øro,1978-02-05,Paris
283,Luidji,,
284,Lacrim,1985-04-29,Paris
285,Tyran,2005,Dendermonde
286,Carr√© Rouge,,
287,PM,,
288,K2C,,
289,Abuz,,
290,Rocca,1975-04,
291,Assia,1973-11-01,Algiers
292,Raggasonic - NTM,,
293,3615 Niaou,,
294,Tonton Ben,,
295,DJ Naughty J,,
296,Mo,,
297,FBI,,
298,BaK,,
299,Sekal,,
300,Hamza,1994-08-01,Laeken
301,Chang Ti Shurik'n,1966-03-11,Miramas
302,Ray D,,
303,Soso Maness,,
304,Fenoblack,,
305,Sista D,,
306,Dj Cream,,
307,Krokmiten,,
308,Cutee B.,,
309,Willy Le Barge,,
310,DI,1982,Fullerton
311,Djettos,,
312,Gad Elmaleh,1971-04-19,Casablanca
313,Kalash,,
314,Babo,1976-11-16,
315,Y.Odua,,
316,Supa John,,
317,Less du neuf,,
318,Alibi Montana,1978,Villetaneuse
319,Alpha 5.20,1977,Dakar
320,Pleofi,,
321,Common Sense,1987,
322,Rahzel,1964-10,The Bronx
323,Nathyboss,,
324,Roc√©,1977,Alger
325,Khondo,1975-06-17,
326,Egosyst,,
327,Mobb Deep,1993,Queensbridge
328,Mo'vez Lang,,
329,East,1975,
330,Sadek,1991-05-25,Neuilly-Plaisance
331,Matt,,
332,Kohndo,1975-06-17,
333,Roce,1977,Alger
334,Kayna Samet,1980-09-27,Nice
335,Johnny Ringo,1961,Kingston
336,Mo√Øse,,
337,Specio,,
338,Foutha Barge,,
339,Irene Parveen,1940,
340,Basit,,
341,20syl,1979-02-17,Nantes
342,Blacko,1979-02-05,Montfermeil
343,Aketo,1980-08-30,
344,Philo,,
345,Toy,1979-10,Sunderland
346,DJ Rash,,
347,St√©phanie Kandee Picard,,
348,Le√Øla Rami,,
349,Baabwaan,,
350,Jean Michel,1948-08-24,Lyon
351,Djamel,,Algeria
352,25G,,
353,Degom,,
354,Nuttea,1968-01-01,Guadeloupe
355,TPS,,
356,Le A,,
357,Aladin 135,1995-11-30,
358,Nekfeu,1990-04-03,La Trinit√©
359,Afrojazz,,
360,Masood Rana,1938-06-09,
361,Diego P√©laez,,
362,Pompis,,
363,Hyacinthe,,
364,L.O.A.S,,
365,Mista Flo,1974,
366,Lil Jahson,,
367,Derin Young,,
368,Ktana,,
369,Tige,,
370,RCP,,
371,Anis,1977-03,Pontoise
372,Doudou,,
373,Niska,1994-04-06,Villeneuve-Saint-Georges
374,Maka,,
375,Ones,,
376,Abd Al Malik,1975-03-14,Paris
377,Benash,,
378,Mc Gyver,,
379,DJ Tacteel,,
380,Axis,,
381,Sir Dooms,,
382,Fantom,1987,Budapest
383,neoklash,,
384,Afrodiziac,,
385,The Nemesis,,
386,Sear,2001,Helsinki
387,Prince Paul,1967-04-02,Amityville
388,Sefyu,1981-04-20,Goutte d'Or
389,Bruizza aka Dark Angel,,
390,Supernatural,1970-04-23,Marion
391,Les X,,
392,Kandys,1998,
393,Chukki Starr,1975,Harlesden
394,Melopheelo,1971-03-02,S√®vres
395,Fuzati,1978-11,Versailles
396,Disiz,1978-03-22,Amiens
397,Morsay,1980-08-19,Beaumont-sur-Oise
398,Nakk Mendosa,1976-03-30,Bobigny
399,Danay Su√°rez,1985,La Habana
400,Maddslinky,,
401,Frankie Paul,1965-10-19,Kingston
402,De La Soul,1987,New York
403,Neg'madnik,,
404,Neg Lyrical,,
405,Rachid,,
406,Sixcoups MC,1983-07-14,Vitry-sur-Seine
407,Biz Markie,1964-04-08,Harlem
408,Scalo,,
409,Idsa,1990-10-16,Orl√©ans
410,Fabio,,
411,cc,1972,Stockport
412,Jo Popo,,
413,Boolk,,
414,Vald,1992-07-15,Aulnay-sous-Bois
415,Jockey,2021,
416,Thomas Bangalter,1975-01-03,Paris
417,Darys,,
418,Joe Lucaz,,
419,Sahraoui,,
420,Guevarah,,
421,Angie,1980,Nagato
422,Dez,,
423,Jul,1990-01-14,Marseille
424,Kamelancien,1980-05-13,
425,Mohamed Lamine,1970-12-04,Algiers
426,Rickwel,,
427,oxmose,,
428,Fredy K,,
429,Benjamin Biolay,1973-01-20,Villefranche-sur-Sa√¥ne
430,Speed Bond,,
431,Boss One,,
432,Kwin,,
433,Sp√©cialistes,1997,
434,Bab,,
435,D. Abuz,,
436,MAI LAN,1982,Paris
437,Brian & Tony Gold,,Jamaica
438,Foutabarge,,
439,Pit,,
440,Damso,1992-05-10,Kinshasa
441,Gato,2017-04,Japan
442,Mbegane Ndour,,
443,Hame (la Rumeur),1997,
444,Geo,,
445,Farruko,1991-05-02,Bayam√≥n
446,JMI SISSOKO,,
447,Manu Dibango,1933-12-12,Douala
448,Despo Rutti,1982-06-26,Kinshasa
449,Kayliah,1981-07-02,Cr√©teil
450,Jeru The Damaja,1972-02-14,Brooklyn
451,Kerry James,1977-12-28,Les Abymes
452,DJ Scratch,1968-06-21,Brooklyn
453,Busy Signal,1979-01-24,Saint Ann
454,Juice,2013-02-25,
455,Daz,,
456,Teddy Corona,1977,
457,ADN,2000,Qu√©bec
458,Taliani,1980,El Harrach
459,Medhi Lee,,
460,Ambo,,
461,Min-a,1993-09-21,Busan
462,Ryan Mendes,,
463,Melissa M,1985-08-21,Marseille
464,16ar,,
465,Ammour,,
466,Imane D.,,
467,Yezi,1994-08-26,Gangneung
468,Future,1983-11-20,Atlanta
469,Blackjack,1979,
470,Lim,1979-07-29,Issy-les-Moulineaux
471,Junior Kelly,1969-09-23,Kingston
472,Dontcha,,
473,Fresh,1977-04-11,Worthing
474,La Fouine,1981-12-25,Trappes
475,Freddy K,,
476,B.O.S.S.,,
477,Nawfel,,
478,Madizm,,
479,Eric Sermon,1968-11-25,Brentwood
480,N Et Sy Scott,,
481,Shola Ama,1979-03-08,Paddington
482,Flynt,1977,Paris
483,Gringe,1980-02-20,Poitiers
484,Jane Fostin,1973-12-27,Basse-Terre
485,Horace Brown,,Hartford
486,Safir,,
487,RZA (Wu-Tang Clan),1992,Staten Island
488,3√®me Empire,2015,Toulouse
489,Joe Lucazz,,
490,Gomez & Dubois,2003,
491,Kelly Rowland,1981-02-11,Atlanta
492,113 Clan,,
493,Afro.R,,
494,Bario 5 S'pry,,
495,X Taz,,
496,Brams,1990,Berga
497,2 Bal Niggets,,
498,Cheb Bilal,1966-07-23,Tipaza
499,Siskid,,
500,Ruby Mike,,
501,Anfalsh,,
502,Bernard Tapie,1943-01-26,Paris
503,Cyn√©fro,,
504,Delta,1993,
505,Karl,1842-02-25,Hohenstein-Ernstthal
506,MC Jean Gab'1,1967-01-28,
507,Driver,,
508,Joana Varela da Veiga,,
509,Secteur A,,
510,AZE,,
511,Djoloff,,
512,Kabal,,
513,Rootsneg,,
514,Soldafadas,,
515,Yazid,,
516,Arco,1998,London
517,Jean-Fran√ßois Richet,1966-07-02,
518,Radikalkicker,,
519,Farage,,
520,Le T√©l√©phone Arabe,,
521,Khalifrat,,
522,Rohff - Amel Bent,1985-06-21,Paris
523,Zessau,,
524,Afrodiziak,1982,
525,Jango Jack,,
526,Kennedy,1985,
527,La Cliqua Fabe,1993,
528,Mam's,,
529,Esprit D'Eb√®ne,,
530,Sizzla,1976-04-17,Kingston
531,Armaguedon,,
532,Raggasonic,,
533,Gwen Boudda,,
534,Chief Keef,1995-08-15,Chicago
535,Magic System,1996,Abidjan
536,Less Du 9,,
537,PSO THUG,,
538,Demon,1980,Leek
539,Costello,1954-08-25,Paddington
540,Billy Bats,,
541,Doc Gyn√©co - Passi,1974-05-10,Clichy-sous-Bois
542,Cheb Mami,1966-07-11,
543,Jocelyne Labylle,1973-01-07,Saint-Claude
544,Ces√°ria Evora,1941-08-27,S√£o Vicente
545,Anthony Red Rose,1962-12-19,Saint Mary
546,Stork,2010,Los Angeles
547,Lou Valentino,,
548,Vitaa,1983-03-14,Mulhouse
549,Jimmy Sissoko,,
550,Sofiane,1986-07-21,Saint-Denis
551,L√©a Castel,1988-12-01,Marseille
552,Nubi,,
553,Nasme,,
554,Kate,1958-07-30,Welling
555,Space,1977,
556,Flavor Flav,1959-03-16,Roosevelt
557,Wealstarr,,
558,Wesson,,Puerto Rico
559,Lyricson,1979,
560,Sako (Chiens de Paille),1992,
561,Sista Micky,,
562,Diomay,,
563,Granit,,
564,Denaun,,
565,Cuarto Poder,1999,Caracas
566,Saphir,1996,Fort Lauderdale
567,Puzzle,,
568,NOB,1964-01-20,Kawachinagano
569,LSO,,
570,Bo prophete,,
571,Faf La Rage - Shurik'n,1971-03-06,Marseille
572,Grand Master Martin,,
573,MC Guichard,,
574,Jo.e,,
575,Luciano,1964-10-20,Manchester
576,Atheena,,
577,Maleek,,
578,Boussad Badji,,
579,Edwyn Mc Lennan,1959-08-23,Edinburgh
580,Victoria Abril,1959-07-04,Madrid
581,Mr. Vegas,1974-12-29,Kingston
582,Al & Duke,1899-04-29,"Washington, D.C."
583,Al,1946-04-13,Forrest City
584,Triptik,,
585,Khaled,1960-02-29,Oran
586,Michelle Gayle,1971-02-02,London
587,Brulux,,
588,Artikal Mehdi,,
589,Le Venin,,
590,Felaga,,
591,Haroun (Scred Connexion),1990,
592,Oumou Sangar√©,1968-02-12,Bamako
593,Thomas Banghalter,1980-07-04,Trondheim
594,Nysay,,
595,IMS,,
596,Deni Hines,1970-09-04,
597,DJ Pone,1978-04-08,Meaux
598,Dj Mouss,,
599,Mc E Soon,1970-06-23,Villeneuve-Saint-Georges
600,Malik Bledos,,
601,Loucha,,
602,Shyheim,1977-11-14,Staten Island
603,Morgane Ebara,,
604,Black M,1984-12-27,Paris
605,Nakk,1976-03-30,Bobigny
606,Yvan,1976-05-03,Payerne
607,Pierre Pascual,,
608,AKH,,
609,Soof,,
610,Joseph Andjou,1732-03-31,Rohrau
611,Baron G,,
612,Makwa,,
613,3010,1991,Trappes
614,Rold√°n Gonz√°lez Rivero,,
615,La Meute,,
616,Popa,,
617,Inflewence,,
618,Uniek,,
619,Zesso,,
620,Benj,,
621,Oli B,,
622,Beyonc√©,1981-09-04,Houston
623,XV Barbare,,
624,Joe Di Marco,1940-06-21,Bologna
625,Lone,,Nottingham
626,Faby,,
627,Wise Intelligent,,
628,Dosseh,1985-01-26,Orl√©ans
629,Ateyaba,1989-10-27,Narbonne
0,Biwa√Ø,,
1,Haristone,,
2,Dinos,1993-11-30,Cameroon
3,MALTY 2BZ,,
4,Mairo,,
5,Slimka,1994-04-30,Gen√®ve
6,Sifax,,
7,Hooss,1992-06-03,
8,Jacky,,
9,Tiran,2005,
10,Kims la rafale,,
11,Siboy,,
12,Hyacinthe,,
13,Ammour,,
14,Momsii,,
15,TK,1982-12-23,Machida
16,Zaho,1980-05-10,Algeria
17,Shotas,2016,√âvry
18,PRINCE KADER,1958-06-07,Minneapolis
19,Kodgy,,
20,Vinss,,
21,Sofiane,1986-07-21,Saint-Denis
22,SCH,1993-04-06,Marseille
23,Booba,1976-12-09,Boulogne-Billancourt
24,Les X-Men,,
25,RK,,
26,Bn√©,,
27,GLK,,
28,Kaza,,
29,Popey,,
30,Django,2009,London
31,Mixtape Madness,2010-09,United Kingdom
32,Bekar,,
33,Juice,2013-02-25,
34,Geeeko,1999-02-27,Bujumbura
35,PSO THUG,,
36,Leto,2017,Paris
37,Kobo,1992-07-02,Brussels
38,Coyote Jo Bastard,,
39,Take a Mic,1994-09-24,
40,Chanceko,,
41,Mala,,
42,Black Jack,1991,
43,Lunatic,1994,
44,Black D,,
45,Jedi,,
46,Celsius,,
47,Anabel,1992-09-01,Los Angeles
48,SLK,,
49,JMK$,1995-08-07,
50,BEN.C2K,,
51,Menavor,2001-05-14,Paris
52,Gen,,
53,san juliet,2009,
54,San Juliet,2009,
55,Diddi Trix,,
56,S.Pri Noir,1986,
57,Tayc,1996-05-02,Marseille
58,ATK,1995,Paris
59,Bramsito,,
60,Bakari,1996,Democratic Republic of the Congo
61,mademoiselle lou,,
62,Zkr,,Roubaix
63,Akhenaton,1968-09-17,Marseille
64,Nicholas Craven,,
65,Sto,,
66,TWENY8,,
67,Dj√© K,,
68,Guy2Bezbar,,
69,Brulux,,
70,Soolking,1989-12-10,Alger
71,Koba LaD,2000-04-03,Saint-Denis
72,BabyBen,,
73,Crocolyne,,
74,Sadek,1991-05-25,Neuilly-Plaisance
75,Mig,1999,Grenoble
76,Maes,1995-01-10,
77,Gradur,1990-11-28,Roubaix
78,34A,2018,Brussels
79,YL,1996-04-06,Metz
80,Rim'K,1978-06-21,Paris
81,Royce,,
82,Heuss L'enfoir√©,1992-08-11,Gennevilliers
83,sean,,
84,Id√©e Noire.,,
85,Makala,1993-03-07,Biel/Bienne
86,Arthrn,,
87,Ninho,1996-04-02,Yerres
88,Lefa,1985-11-28,Paris
89,4Keus,2015,La Courneuve
90,So La Lune,,
91,Lord Kossity,1973-01-01,
92,Kool Shen,1966-02-09,Seine-Saint-Denis
93,MadeInParis,,
94,Roshi,1996-06-16,Kinshasa
95,Cinco,,
96,Juni Qwano,,
97,BU$HI,,
98,Benab,,
99,Gazo,1994-08-05,Ch√¢teauroux
100,Damso,1992-05-10,Kinshasa
101,PRIME,1992-09-24,Aubervilliers
102,La Brigade,1992,
103,Jayel,,
104,Rvzmo,,
105,Nahir,,Bobigny
106,Di-Meh,1995-06-30,
107,Benjamin Epps,,Gabon
108,Q.E Favelas,,
109,THABITI,,
110,Veazy,,
111,Kekra,,
112,Zikxo,1995-01-26,Bondy
113,Sheyrine,,
114,Chuki Beats,1995-11-07,Lokeren
115,Zeu,,
116,Ormaz,,Seine-Saint-Denis
117,Seven Binks,,√âvry
118,BOLEMVN,,
119,Unknown T,1999-08-17,Homerton
120,Pa Salieu,,
121,Liim‚Äôs,,
122,La Mano 1.9,1987,S√®vres
123,Keusty,,
124,Ismo Z17,,
125,Wa√Øv,,
126,Mayo,,
127,Moha La Squale,1995-02-24,Cr√©teil
128,Gambi,1999,Fontenay-sous-Bois
129,Rounhaa,2000,France
130,Floki,,
131,TJ,,
132,Dinor rdt,,
133,Mister You,1984-02-05,Paris
134,Noname,1991-09-18,Chicago
135,Chanje,,Yvelines
136,Ghost Killer Track,,France
137,winnterzuko,,
138,Frenetik,1998-12-16,Evere
139,Green Montana,1993,Verviers
140,4Keus Gang,,
141,Lutheck,2013,
142,B1,,
143,Moha MMZ,1998-01-21,Annaba
144,47ter,,
145,Seth Gueko,1980-10-27,
146,Graya,,
147,DA Uzi,1994,Angers
148,M√©n√©lik,1970-09-10,Centre
149,Alkpote,1981-02-03,
150,Bosh,,
151,Hayce Lemsi,1987-12-16,Ouargla
152,Volts Face,,
153,KDD,,
154,Laylow,1993-03-12,
155,Beeby,,
156,Fav√©,,
157,Raplume,,
158,Pins & Dimeh,,
159,Gambino La MG,,
160,Negrito,,Dammarie-l√®s-Lys
161,Realo,,
162,zaky,,
163,Yunodji,,
164,ELIESG,,
165,FLOWRENCY,,
166,Zed,1996,
167,Don Choa,1974,
168,Zamdane,,
169,GOULAG,,
170,Doxi,,
171,Dosseh,1985-01-26,Orl√©ans
172,Tuerie,,
173,ASHE 22,,
174,wewantwraiths,,Leicester
175,Hopital,,
176,Kingzer,,
177,bupropion.,,
178,Kalash Criminel,1995-02,
179,Fresh La Douille,,
180,Saamou Skuu,,
181,√Ñrsenik,1992,
182,DTF,,Ivry-sur-Seine
183,Luv Resval,1998-01-06,Guinea
184,Savage Toddy,,
185,Pokeyz,,
186,Bovalon,,
187,Uliss,,
188,ISK,,
189,Noma Rttclan,,
190,Naza,1993-05-26,Amiens
191,Carlito,,
192,Yaro,,
193,GAULOIS,,
194,Chicaille Argent√©,,
195,Sheldon,1991-06-09,
196,3010,1991,Trappes
197,Key Largo,,Gonesse
198,Key West,,
199,Key Heaven,,
200,Kbr,,
201,Zoomy,,
202,abel31,,
203,Batboy,,
204,Whosdead,,
205,Lemon Haze,,
206,Chily,,
207,Le Chamal,,
208,Norsacce Berlusconi,,
209,Kepler,1997,Ottawa
210,Wallace Cleaver,,
211,Jok'air,1991-09-23,Paris
212,Malo,1971,San Francisco
213,Laskiiz,,
214,H√∂s Copperfield,,
215,Hamza,1994-08-01,Laeken
216,Irvin,,
217,Dabs,,
218,BabySolo33,,
219,Bitsu,1999-06-25,France
220,Oxmo Puccino,1974-08-03,S√©gou
221,Box,2014-11,Trenƒç√≠n
222,Stavo,,
223,Evil P,,
224,Gato,2017-04,Japan
225,C.O.R,2002,Bergen auf R√ºgen
226,OBOY,1997-01-06,Madagascar
227,GIMS,1986-05-05,Kinshasa
228,Dinero,2007-06,
229,Wit.,,
230,A√©ro,,
231,Werenoi,,
232,Dibson,,
233,Daddy Lord C,1970-01-07,
234,1PLIK√â140,,
235,Landy,,
236,Niska,1994-04-06,Villeneuve-Saint-Georges
237,The S,,
238,B.B. Jacques,,
239,Bendo,,
240,Oldpee,,
241,Khali,,
242,R√©my,,
243,Hornet La Frappe,1992-12-05,√âpinay-sur-Seine
244,Ucyll & Ryo,,
245,Ucyll,,
246,Ryo,,Japan
247,Gemen,,
248,Ideal J,1991,
249,YUNG POOR ALO,,
250,La P√©pite,,
251,Le Rat Luciano,1976-04-09,Marseille
252,Menzo,1975,
253,Stone Black,1975-11-13,Marseille
254,Jul,1990-01-14,Marseille
255,Soprano,1979-01-14,Marseille
256,L'Alg√©rino,1981-05-02,
257,Sysa,,
258,Solda,,
259,Fahar,,
260,8ruki,1994-09-26,France
261,Myth Syzer,,
262,Ga√´l Faye,1982-08-06,Bujumbura
263,Gringe,1980-02-20,Poitiers
264,Nemir,,Perpignan
265,Elams,,
266,13 Block,2012,Sevran
267,Kofs,,
268,Timal,,
269,Orelsan,1982-08-01,Alen√ßon
270,Nekfeu,1990-04-03,La Trinit√©
271,Arka,,
272,Sasso,,
273,Th√©odore ü•∑üèø,,
274,Softo,,
275,Youv Dee,,
276,Nyluu,,France
277,Gros Mo,,
278,Dadju,1991-05-02,Bobigny
279,Josman,,
280,SDM,,
281,Mister V,1993-08-14,Grenoble
282,Prototype,1994,Los Angeles
283,Dadi Cali,1952-08-16,Rio de Janeiro
284,Guizmo,1991-01-21,
285,Trixxo,,
286,Freeze corleone,1992-06-06,Les Lilas
287,SKG,,
288,Sidoff,,
289,M$D NAVY,,
290,Squidji,,
291,DMS,,
292,Alonzo,1982-07-25,
293,La Peee,,
294,Kano√©,,
295,Dhurata Dora,1992-12-24,
296,Ronisia,1999-11-13,Tarrafal
297,Cheu-B,,
298,Boumso,,
299,Amine Farsi,,
300,Kpoint,,
301,La Bourse,1970-08-19,Morbihan
302,Binks Beatz,,
303,Tiakola,,
304,Shaz,,
305,Zola,1985-07-18,
306,Berry,1926-10-18,St. Louis
307,Ash to the eye,2003,
308,La Place,,
309,Rimkus,,
310,Makiavel,,
311,Kamikaz,,
312,Houari,,
313,DRIME,,
314,TAZZ,,
315,Le classico organis√©,,
316,Kodes,,
317,Nyda,1991,Roubaix
318,L'Allemand,,
319,La Famax,,
320,Kaaris,1980-01-30,Abidjan
321,Ghetto Ph√©nom√®ne,,
322,Nia,,
323,Nic,1981-04-09,Duisburg
324,Hiitch,,
325,Jierka,,
326,Sey,,
327,HKM2FV,,
328,Mac Tyer,1979-04-23,Aubervilliers
329,TIF,,
330,Emmie Girard,1977-08-07,
331,BROLY,,
332,Hypo'Z,,
333,Karmen,1993-05-19,
334,Koroba,,
335,K.ZIA,1993,Brussels
336,HK La Paille,,
337,Miami Yacine,,Dortmund
338,Stef Becker,,
339,L‚ÄôAs,,
340,Lacrim,1985-04-29,Paris
341,Ricky Rich,1999,
342,PLK,1997-04-15,Paris
343,Generation Rap,,
344,Osirus Jack,,
345,Bayass,,
346,LEDOS,,
347,Rethno,,
348,WarEnd,,
349,Lossa,,
350,RAPLEADER,,
351,KeBlack,,
352,Watchos,,
353,Kamal,1956-04-14,Bielefeld
354,Stos,,
355,Niro,1987-07-08,Orl√©ans
356,Larry,1932-05-19,
357,Mattke Pal,,
358,Aketo,1980-08-30,
359,Criisto,,
360,Sirap,,Paris
361,Moji x Sboy,2018,Li√®ge
362,Skaodi,,
363,Kalash,,
364,Dadou,,
365,ZeGuerre,,
366,Ahmed Sylla,,
367,WondaGurl,,
368,Junio Beats,,
369,Greg‚Äôz,,
370,Vald,1992-07-15,Aulnay-sous-Bois
371,Soso Maness,,
372,YG Pablo,,
373,L2B,1991-05-28,New Haven
374,K-Reen,,French Guiana
375,Smallx,,
376,J9ueve,,
377,Pit Baccardi,1978-06-09,Yaound√©
378,Magasco,,
379,Singuila,1977-09-19,Suresnes
380,Zefor,,Sevran
381,Jo le Pheno,,
382,VH Gang,,
383,Naps,1991,
384,Maria Becerra,2000-02-12,Quilmes
385,Alpha Wann,1989-07-02,Paris
386,La F√®ve,,
387,Mougli,2004,
388,Le 3√®me Oeil,,Marseille
389,Vitaa,1983-03-14,Mulhouse
390,JEY BROWNIE,,
391,Flansie,,
392,Star5stunna,,
393,Gotti Maras,1996-12-26,Ixelles / Elsene
394,Chilla,1994-04-27,Gen√®ve
395,tn_490,,
396,A.CHAL,,Peru
397,DJ Erise,1982-12-09,France
398,Lawiloo,,
399,Benash,,
400,Rsko,,
401,BOUB'Z,,
402,Subtik,2001,
403,Bromaz,,
404,...,2007,Parma
405,LEVELSANTANA,,
406,Many Santana,,
407,UZI,1985-08-07,
408,Mehdi Yz,,
409,Sofiane Pamart,1990,Lille
410,Luciano,1964-10-20,Manchester
411,Offset,1991-12-14,Lawrenceville
412,Assy,,
413,Arsn,,
414,Vilhelm.,1996-11-06,Athens
415,Theodora,,
416,H JeuneCrack,,
417,M4TIAS,,
418,Imen Es,,
419,Sharkboy,1992,Brighton
420,koboi,,
421,Doc Gyn√©co,1974-05-10,Clichy-sous-Bois
422,Nej,,
423,Franglish,1994-08-02,Paris
424,thaHomey,,
425,NxxxxxS,,
426,Def Prod,,
427,Biga*Ranx,,
428,Yuri Online,,
429,Junior Bvndo,,
430,Le Motif,1989-04-04,Ixelles / Elsene
431,PUSH & GIO,1973-02-20,Antwerp
432,Retro X,,
433,Zed Yun Pavarotti,1997-03-07,Saint-√âtienne
434,B√©esau,,
435,Fally Ipupa,1977-12-14,Kinshasa
436,BackRoad Gee,,
437,Anas,,
438,EDGE,,
439,Eva,,
440,Black Jack OBS,,
441,Rapi Sati,,
442,17√®me,,
443,Lomepal,1991-12-04,Paris
444,Bawbaw 31,,
445,La Fel109,,
446,Gio,,
447,Lous and The Yakuza,1996-05-27,Lubumbashi
448,Kosta,,
449,Mous-K,,
450,Sfera Ebbasta,1992-12-07,Sesto San Giovanni
451,Leto (PSO Thug),,
452,99,,
453,FGZ,,
454,KRIMO,,
455,IAM,1989,Marseille
456,Psy 4 De La Rime,1995,
457,Fabe,1971-05-09,Paris
458,Koma,,
459,Mokless,1977,
460,Haroun,,
461,Doudou Masta,1971-02-26,Vitry-sur-Seine
462,LIM,1979-07-29,Issy-les-Moulineaux
463,yayA,,
464,Fir,2004,
465,Arco,1998,London
466,Moko,1991-10-29,London
467,Ridan,1975-06-23,Brou-sur-Chantereine
468,K.Fir,,
469,Apolo.G,,
470,Prince Ali,1974-02-16,Oakland
471,Prince Arabie,1958-06-07,Minneapolis
472,Elias,1996-04-20,Kinshasa
473,Pheno,,
474,Fidel Deos,,
475,Melopheelo,1971-03-02,S√®vres
476,Leechar,,
477,Odas,,
478,La F,,
479,Yung.Coeur,,
480,M Le Maudit,1995-07-27,France
481,Inspire,,
482,ElGrandeToto,1996-08-03,Casablanca
483,Mini RTTCLAN,,
484,JeanJass,1988-05-10,Charleroi
485,–ú–ò–ò–®–ê,,
486,Malaa,,Paris
487,Kerchak,,
488,Baby Gang,,
489,BRVMSOO,,
490,DOC OVG,,
491,Kayna Samet,1980-09-27,Nice
492,AM La Scampia,,
493,As,,
494,Zbig,,
495,Lyna Mahyem,1995-06-29,
496,SAF,,Marseille
497,Marjinal,,
498,Tony Seng,,
499,Tandem,,
500,Lynda,1981-12-21,
501,Madd,,
502,D.A.V,,
503,Zoxea,1974-11-11,S√®vres
504,2z√©,,
505,Kaflo,,
506,Varnish La Piscine,1994-03-04,Switzerland
507,Mei,1996-06-12,Huddersfield
508,MHD,1994-09-10,Vend√©e
509,Neskoo,,
510,Dadoo,1974,Marseille
511,Jague,2022,Vicenza
512,Greg,,
513,La√Øoung,1992-08-13,Brussels
514,Marwa Loud,1996-12-12,France
515,MERO,2000-07-27,R√ºsselsheim
516,Izi,1995-07-30,Savigliano
517,Jahyanai,,
518,Skread,1981-09-22,H√©rouville-Saint-Clair
519,Sexion d'Assaut,2002,Paris
520,T2R,,
521,Nyma,,
522,Jo√© Dw√®t Fil√©,,
523,Aya Nakamura,1995-05-10,Bamako
524,Rom√©o Elvis,1992-12-13,Uccle / Ukkel
525,X-Men,,
526,Wardell,2010,
527,Bianca Costa,,Brazil
528,Puma,,
529,20100,,
530,Thabigtony,,
531,Marie Plassard,,
532,Jazzy Bazz,,
533,Vegedream,1992-08-25,Orl√©ans
534,Pi√®ge,,
535,Morad,,
536,Tyngaa,,
537,Prymus,,
538,Laro,,
539,Le D,,
540,Issaka Weezy,,
541,Locko,,
542,John Pablito (S2R GANG),,
543,Victoire,,
544,Kay The Prodigy,,
545,Tawsen,1997,Casalmaggiore
546,diezlo,,
547,Demi Portion,1983-09-15,S√®te
548,Ria Sean,,
549,Limsa d'Aulnay,,
550,VEUST,,
551,Maly Sky,,
552,Ill,1977-09-28,Towada
553,Shurik'n,1966-03-11,Miramas
554,D.I.V,2012-04,Japan
555,Samy Ceezy,,
556,Boubson,,
557,Bibinho,,
558,Chaka 47,,
559,ETNOZ,,
560,FLK,,
561,Manaman,,
562,Alpha L'expert,,
563,Bay T,,
564,Scott South,,
565,RD,,
566,KronoMuzik,,
567,ZZCCMXTP,2022,
568,Ronare,,
569,Pandrezz,,
570,Foda C,,
571,Yemi Alade,1989-03-13,Abia
572,Danitsa,,Paris
573,Thanas,,
574,wiljahelmaz,,
575,Still Fresh,1993,Paris
576,Brigistone,,
577,Azur,,
578,Maluma,1994-01-28,Medell√≠n
579,Robin Schulz,1987-04-28,Osnabr√ºck
580,Zther,,
581,Bsk,,
582,MG,,
583,Eyal,,
584,Pon2mik,,
585,Vacra,,
586,Tovaritch,,
587,Beamer,,
588,G√©n√©rations,,
589,Mo'vez Lang,,
590,Dafliky,,Lille
591,2c,,
592,gapman,,Lille
593,MZ,2007,
594,Recklessboise,,
595,143,2010,Philippines
596,Summrs,,
597,Mercenaire,,
598,Kima,,
599,Jozii,,
600,Draviss,,
601,Freeman,1972-05-09,
602,Celscius,,
603,Jeff,1966-11-17,Anaheim
604,Nick Peters,,
605,Layzee Ella,,
606,Eden Dillinger,1995,
607,LEDG,1940-11-25,Leighton
608,Hifi,,
609,Minist√®re A.M.E.R.,,
610,Shiki Flex,1981-07-06,
611,88KVLY,,
612,$olo,,
613,nelick,1997-02-27,Champigny-sur-Marne
614,Roseboy666,1991,
615,NeS,,
616,Lito,,
617,Oualds,,
618,Cheb Mami,1966-07-11,
619,M Group,,
620,Yanoh,,
621,TLE,,Raleigh
622,MB14,1994-06-19,
623,Hache-P,,
624,COR,2002,Bergen auf R√ºgen
625,Dika,,
626,Moha K,,
627,KAZMI,,
628,DECIMO,,
629,NKD,,
630,BKL,,
631,RBK,,
632,Sir Doum's,,
633,Blackbrown,,
634,Nis808,,
635,Solo Le Mythe,,
636,Papis,,
637,DRS,,
638,JKSN,,
639,TIPECK,,
640,1TM,,
641,Ohmondieusalva,,
642,Caballero & JeanJass,2014,Brussels
643,NORDO,,
644,Implaccable,,Guadeloupe
645,Bounty Killer,1972-06-12,Kingston
646,Mula B,1989,Den Haag
647,Keny Arkana,1982-12-20,Boulogne-Billancourt
648,Sybyr,1996-09-06,Maryland
649,Chico,,
650,Nicky B,,
651,Tony Kelly,,
652,Lil Wayne,1982-09-27,New Orleans
653,French Montana,1984-11-09,Rabat
654,Youssoupha,1979-08-29,Kinshasa
655,Fanny J,1987-10-06,Cayenne
656,Tesa,2005,
657,TH,,
658,Chaman,,
659,LarryG,,
660,Steki,,
661,LIMO,,
662,P.R2B,1990-11-26,Saint-Doulchard
663,AAMO,,
664,Kyana,,
665,Luidji,,
666,Johnny Jane,,Orl√©ans
667,BABY NEELOU,,
668,KIK,1993-01-03,Nancy
669,TiBab,,
670,BENJAY,,
671,TIG,,
672,Lujipeka,,
673,N√®g' Marrons,1995,Garges-l√®s-Gonesse
674,Lyms,,
675,A N D O,,
676,Rhino,,
677,Lino,1974-05-03,Brazzaville
678,Sicario,1996-10-21,Alsace
679,MIAOUSS,,
680,Rousman,,
681,Ryan,1974-11-05,Jacksonville
682,Perkiz,,
683,Nono,,
684,Blur,1990,London
685,Shtar Academy,2014,
686,Douma,,
687,ALP,,
688,OR,,
689,Mamso,,
690,Holly Evans,,
691,Hill.G,,
692,La MG,,
693,phytocene,,
694,Skinny Flex,,
695,Christine and the Queens,1988-06-01,Nantes
696,N.O.S,,
697,Stratega,,
698,S2R GANG,1989,
699,RAF Camora,1984-06-04,Vevey
700,Epektase,,
701,Double Cup Kase,,
702,Agis ou R√™ve,,
703,Minus,2014,
704,Passi,1972-12-21,Brazzaville
705,Sarkodie,1985-07-10,
706,Lesram,,
707,Suran,1986-07-15,Busan
708,IFY,,
709,Ashh,,
710,The Neptunes,,
711,Gips,,
712,Orti,,Spain
713,Selug,,
714,$enar,,
715,Lil Toe,,
716,L'd'kick,,
717,34murphy,,
718,Reynmen,,
719,Jolagreen23,,
720,Code la m,,
721,Stony Stone,,
722,High Klassified,,
723,Len,1991,Toronto
724,Nontuthu,,
725,Nadia Tamara,1984-06-27,
726,Ta√Øro,1978-02-05,Paris
727,Genezio,,
728,Old Pee,,
729,Beendo Z,,
730,Monsieur R,1975,Etterbeek
731,GAZY MP,1994-07,
732,KLN 93,,
733,La Caution,,
734,Saphir,1996,Fort Lauderdale
735,Tigers,,
736,Lil Macks,,
737,23wa,,
738,Makeda RDS,,
739,Moona,,
740,D-Block Europe,,
741,MHR,2001,
742,Tvmo,,
743,Sanfara,,
744,Les Sages Po√®tes de la rue,1987,Boulogne-Billancourt
745,Bongo Beats,,
746,Zin√©e,1997-12-26,France
747,LHKA,,
748,Kiddyondebeat,,
749,Cee Jay Cool,,
750,Aymane Serhani,,
751,Krisy,,
752,Rowjay,,
753,JMI SISSOKO,,
754,Jacky Brown,1972-05-21,
755,Zarthuro,,
756,Khaled,1960-02-29,Oran
757,Karlita Rose,,
758,demna,2003,
759,The Jazzbastards,1998,Paris
760,Koba La D,1979-01,Stuttgart
761,Flynt,1977,Paris
762,Big Ben,,Fort Worth
763,Central Cee,1998-06-04,Shepherd's Bush
764,Craky Rdm,,
765,Butter Bullets,2003,Besan√ßon
766,K-Luv,1996-08-22,Tampa
767,Tiitof,,
768,Meleck,,
769,Les Sales Gosses,,
770,Omzo,,
771,Madrane,,
772,Les Ch≈ìurs de Kristy Diamond,,
773,HOUDI,,
774,Prince Swanny,,
775,Suikon Blaz AD,,
776,Yseult,1994-08-19,Tergnier
777,Jeunesaint,,
778,Matt,,
779,Franck Anatole,,
780,ZEG P,,
781,Le Nash,,Dresden
782,Abou Tall,1991-09-18,
783,Djiha,,
784,Todiefor,,
785,Janee,,
786,Jeune Gee,,
787,Slim C,,
788,Leith,,
789,Soul6,,
790,Mimie,,
791,Poupie,,Lyon
792,Silex,,
793,Sting,1951-10-02,Wallsend
794,Bhavi,1997-10-23,Brussels
795,Heaven Sam,,
796,Daddy Mory,,
797,Vincent Stora,,
798,Lola Indigo,1992-04-01,Madrid
799,Rvfv,,Almer√≠a
800,Kasper 939,,
801,Enzo Dong,1990,Napoli
802,Simala,,
803,Skuna,,
804,Flaa,,
805,The Shoes,1974,Zion
806,In√ºit,,Nantes
807,Djemso La Melo,,
808,Yaskaa Di Yaski,1982,Fullerton
809,LSK,1971-07-26,Kent
810,Yatfu,,
811,92i,,
812,Bambino,1940-02-14,
813,La Fouine,1981-12-25,Trappes
814,Lokman,1989-09-26,Hong Kong
815,R.E.D.K.,,
816,Davodka,,
817,Dizzee Rascal,1984-09-18,Bow
818,Ademo,,
819,Meryl,1995-09-23,Le Lamentin
820,Rythmz,,
821,Dr. Beriz,,
822,VillaBanks,2000-08,Ravenna
823,Kidd Keo,,
824,Eddin,1999,Berlin
825,Alliance Ethnik,1990,Creil
826,Vinia Mojica,1970-03-14,Queens
827,DYSTINCT,1998-09-09,Mortsel
828,Unleaded,,
829,SPOOKYPBL,,
830,Sat,,
831,Tayron Kwidan's,,
832,K1 Never Forget Loyalty,,
833,Lise Auvolat,,
834,Tortoz,1993-05-19,
835,DMY,,
836,BEKA,1984-08-03,W√ºrzburg
837,Luey,,
838,HollowS,,
839,Serane,,
840,Nojour,,
841,Inoxtag,,
842,3arbi,,
843,Cordae,1997-08-26,Raleigh
844,Different Teep,,
845,Dany Dan,,
846,G√©raldine Lapalus,,
847,Alvaro Soler,1991-01-09,Barcelona
848,Jugglerz,,
849,Various Artists,,
850,Rabz,,
851,Bramo,,
852,Dontcha,,
853,NasDas,,
854,Dee Mad,,
855,Yev.,,
856,C√¥me Lart,,
857,Azuul Smith,,
858,S.T√©ban,,Marseille
859,M2 GVNG,,
860,Abd Allah,,
861,Bakyl,,
862,Worms-T,,
863,slowthai,1994-12-18,Northampton
864,Minissia,,
865,Trz,,
866,Heso,,
867,Zoubarof,,
868,Ali,2016-06-03,Japan
869,Djeep,,
870,Lossapardo,,
871,Ars-N,,
872,M‚ÄôGroup,,
873,L√©gadulabo,,
874,Cooper SA,,
875,Vladimir Cauchemar,,
876,Kendji Girac,1996-07-03,P√©rigueux
877,Olazermi,,
878,CLELIA,,
879,Hiro,1965-04-12,
880,BEN plg,,
881,Lucci,,
882,Assassin,1985,Paris
883,Rockin' Squat,1969-09-07,
884,Prodige Namor,,
885,JMI Sissoko,,
886,Cut Killer,1971,
887,Scridge,,
888,Venom Cz,,
889,Fresh,1977-04-11,Worthing
890,Malekal Morte,,
891,El G,,
892,Orishas,1999,La Habana
893,KR Malsain,,
894,Ziak,,
895,Relo,,
896,Ren√© Maleville,1960-11-05,Amsterdam
897,Paluch,1985-10-01,Pozna≈Ñ
898,KYZI,,
899,Casus Belli,,
900,Hedges,,
901,Bram's,1982-07-22,
902,Deno,,United Kingdom
903,Malijack,,
904,Brbn,,
905,$ouley,,
906,Cash Money Ap,,
907,Dj√©,,
908,JoeyStarr,1967-10-27,Saint-Denis
909,CDL,,
910,Couli B,1992-10-11,The Bronx
911,Gremlin Shawty,,
912,MCTR,,
913,Bigflo & Oli,2005,Toulouse
914,Wejdene,2004-04-23,La Courneuve
915,V9,,
916,Lilguwop,,
917,Goose 28th,,
918,MITCH,,
919,Kabbsky,,
920,Buu,,
921,Ydasevic,,
922,IV My People,1998,
923,Jeff Le Nerf,1978-01-05,Grenoble
924,GRAND PALAIS Chicha Lounge,,
925,CHATNOIR,,
926,Smeels,,
927,BatBoy,,
928,Pomme,1996-08-02,D√©cines-Charpieu
929,Hankock,,
930,Sikz,,
931,Silek,,
932,Chesco,,
933,Caballero,1988-11-22,Barcelona
934,Dopebwoy,1994-03-14,Netherlands
935,Hardest Bars,,
936,H'Trip,,
937,Chris Da Vinci,,
938,Josas,,
939,Georgio,1993-01-21,Les Lilas
940,Ouled El Bahdja,,
941,Kliff,,
942,Fabri Fibra,1976-10-17,Senigallia
943,J-AX,1972-08-05,Milano
944,KOHH,1990-04-22,Kita
945,Snoozed,,
946,Wifi,,
947,Mecra,,
948,Jrr,1892-01-03,Bloemfontein
949,Derone,,
950,Dener,,
951,Bambino47,,
952,Bryan Mg,1996-10-09,Ghent
953,ISHA,1986-06-02,Woluwe-Saint-Lambert / Sint-Lambrechts-Woluwe
954,Fenka,,
955,Faada Freddy,1975-01-10,Saint-Louis
956,Omar101,,
957,Nizi19,,
958,Moro,,
959,Zeroten,,
960,Triuu,,
961,DH,1998,Zeitz
962,West,1977-06-08,Atlanta
963,Tflow,,
964,Demon,1980,Leek
965,Mesteralae,,
966,Dini,,
967,Crazy Man,,
968,Snaik,,
969,amass,,
970,Niaks,,
971,Mona,,
972,Eliesg,,
973,Fior 2 Bior,2000-05-08,Bakersfield
974,Antaya Lex,,
975,Popo,,
976,Scrom,,
977,Craky,,
978,Risky Business,2004-03,Halifax
979,Boozoo,,
980,D-Track,,
981,Elodie Rama,,
982,C4PA,,
983,JW8L,,
984,Scred Connexion,1990,
985,Lord Esperanza,1996-09-30,Les Lilas
986,Toussaint,,
987,Sidiki Diabat√©,1992-02-08,Bamako
988,SSGC,,
989,Dollypran,,
990,KOKE√èNEJTD,,
991,Stalker,,
992,MDO,1997,
993,a2z,,
994,Dex,1994,
995,Super Sako,,
996,Hayko,,
997,Thatohatsi,,
998,FLEE,,
999,Rico TK,,
1000,Sheyraz,,
1001,Vianney,1991-02-13,Pau
1002,Boro,1996-05-30,Torino
1003,JSX,,
1004,Slimane,1989-10-13,Chelles
1005,Ul'team Atom,,
1006,whatever51,,
1007,April,2015-08-24,Seoul
1008,thirdeye,,
1009,Lpee,1996-08-29,France
1010,J-Mi Sissoko,,
1011,Haile Supreme,,
1012,M Huncho,,
1013,Prxpvne,,
1014,Midibaby,,
1015,Hatik,,
1016,Gouap RTTCLAN,,
1017,Lybro,,
1018,shybot,,
1019,Ysos,,
1020,Ghetto Diplomats,,
1021,smy,,
1022,Zaza,,
1023,Moris Beat,,
1024,Ady Junior,,
1025,Anna Kova,,
1026,Fat Cap,,
1027,XVBarbar,,
1028,Kranmax,,
1029,21Souyard,,
1030,2CheeseMilkShake,,
1031,Von Bikr√§v,,
1032,Lynnsha,1979-01-04,France
1033,DJ MS,,
1034,Jeune OG,,
1035,Lim,1979-07-29,Issy-les-Moulineaux
1036,Nysay,,
1037,Pass Partoo,,
1038,IMS,,
1039,Lala &ce,1994-11-02,France
1040,La team,,
1041,OMR,,
1042,Migu,,
1043,Barjo,,
1044,Matt K,,
1045,MO2S,,
1046,D. Black,1986-12-09,Seattle
1047,Fifteen,1991,San Francisco
1048,The Pirouettes,2011,Annecy
1049,S-Pion,,
1050,H Magnum,,C√¥te d'Ivoire
1051,Blasko,1969-11-24,
1052,BLK,,
1053,Manu Key,1971-03-28,Guadeloupe
1054,Zaky,,
1055,Yelowdash,,
1056,Asdek,,
1057,Low,1993,Duluth
1058,Enima,,
1059,Loveni,,
1060,Zeyn,,
1061,Prinzly,,
1062,Dr. Yaro & La Folie,,
1063,Roga Roga,1974-08-31,Congo
1064,Mickey Diamond,,
1065,2C,,
1066,Photo,,
1067,Stensy,,
1068,Cody,,
1069,Mmitch,,
1070,Kameto Corp,,
1071,Kery James,1977-12-28,Les Abymes
1072,L'Ordre du Periph,2013,Paris
1073,Dj Weedim,,
1074,Black M,1984-12-27,Paris
1075,Kore,,
1076,Parcker,,
1077,Loop deel,,
1078,Cassidy,1982-07-07,Philadelphia
1079,Diable Rouge,,
1080,Sneazzy,1992-01-12,Paris
1081,FAYV,,
1082,Shark,,
1083,Shadi,,
1084,Low Jack,,
1085,CKay,,
1086,Zino,,
1087,Le RR,,
1088,BEN.C,,
1089,Philippe Katerine,1968-12-08,Thouars
1090,Spider ZED,,
1091,Truth Be Told,2009,Virginia
1092,Tsew The Kid,1996-12-03,Paris
1093,Jolly ,,
1094,dxvl,,
1095,Apher,,
1096,La Zarra,1997-08-25,Montr√©al
1097,MADERR,,
1098,LFK,2009,
1099,BR√ñ,,
1100,Gola Gianni,,
1101,Or,,
1102,Connexion,,Montr√©al
1103,Sam's,2003-10-15,Tacloban
1104,100 Blaze,,
1105,Dadinho,,
1106,Akwaboah,,
1107,Koalaa,,
1108,Med,,Oxnard
1109,DarkBlu,,
1110,Prince Waly,,
1111,Melina,,
1112,Jacob Desvarieux,1955-11-21,Paris
1113,Lorenzo Raphael,1943-05-05,Linares
1114,Blacksvshi,,
1115,djemso la melo,,
1116,Tisco,,
1117,Tory Lanez,1992-07-27,Brampton
1118,Libo,,
1119,MIYA,,
1120,Jey Brownie,,
1121,Dardan,1997-10-02,Stuttgart
1122,Isti,,
1123,Stromae,1985-03-12,Etterbeek
1124,NLE Choppa,2002-11-01,Memphis
1125,Ike Ortiz,,
1126,Lorenzo,1994-06-04,Brest
1127,Bamby,,
1128,Diamond Deuklo,,
1129,Le Smyle,,
1130,Satori,,
1131,LAZZIO,,
1132,Isaac,1860-05-29,Camprodon
1133,Danyl,,
1134,3G,,
1135,Bricksy,2019,
1136,Raaash,,
1137,MH,,
1138,Charlotte Dipanda,,
1139,Praiz,1984-03-08,Nigeria
1140,Hollis l'Inf√¢me,,
1141,Tony La Famille,,
1142,joker,,
1143,Dicidens,1996,
1144,Shien,1992-03-10,France
1145,Leroy Menace,,
1146,Arafat,,
1147,Celestino,,
1148,DJ Pone,1978-04-08,Meaux
1149,Napoleon Da Legend,,Paris
1150,moe damour,,
1151,ML270,,
1152,Kamelancien,1980-05-13,
1153,Nini Mess,,
1154,Muni Long,1988-09-14,Vero Beach
1155,113 Clan,,
1156,Papou,,
1157,Viviane Chidid,,Thi√®s
1158,USKY,,Paris
1159,RWO,,
1160,Dry,1977-11-19,Villepinte
1161,Philip,1937-01-31,Baltimore
1162,Azet,1993-03-06,Tirana
1163,Nejma Nefertiti,,
1164,Matt Houston,1977-09-30,Sainte-Anne
1165,Ghali,1993-05-21,Milano
1166,Gio Dallas,,
1167,Daej Phantom,,
1168,FREAKEY!,,
1169,Luny Tunes,2001,
1170,Tago Calderon,,
1171,Big Santa,,Setagaya
1172,J2LASTEU,,
1173,ANTHA,1988-10-12,Paris
1174,Baron Pigeard,,
1175,Ibeyi,2012,
1176,Kaba,1995,Bamako
1177,Robin,1949-12-22,Douglas
1178,Croisade,,
1179,Lirickal,,
1180,Bricksy & 3g,2019,
1181,Matrix,,London
1182,Tyrote,,
1183,22nate,,
1184,Sinik,1980-06-26,
1185,Whatever 51,,
1186,A+,1983,Oslo
1187,Ayesha Chanel,,
1188,Ang√®le,1995-12-03,Linkebeek
1189,Roi Heenok,1973-11-18,Montr√©al
1190,Deen Burbigo,1987-07-02,Marseille
1191,Enchant√©e Julia,,
1192,Lyrixx,,
1193,Tvslym,,
1194,DrefGold,1997-05-16,Racale
1195,SN,,
1196,CG6,,Villetaneuse
1197,TH√âA,,
1198,notinbed,,
1199,Dj Leska,,
1200,Kran Max,,
1201,Klench Poko,,
1202,Lestin,,
1203,Jersey,1996,Burlington
1204,Secteur P,,
1205,Pana,,
1206,Faf Larage,1971-03-06,Marseille
1207,OVE,1997-01,
1208,Driks,,
1209,Stomy Bugsy,1972-05-21,Paris
1210,La Rumeur,1997,
1211,Kabal,,
1212,Rocca,1975-04,
1213,Ste Strausz,1977,Val-de-Marne
1214,SativaMusic,,
1215,Gouap,,
1216,Mika & Diop,1990,
1217,Slkrack,,
1218,Branco,,
1219,Afro S,,
1220,Foushe√©,1990,
1221,Tazz,,
1222,AK,,
1223,N√©pal,1994-11-18,Paris
1224,Senyss,,
1225,5EB,,
1226,L.BAI,,
1227,Kazkami,,
1228,Pills,1991,
1229,Charlotte Cardin,1994-11-09,Montr√©al
1230,Alicate 3.8,,
1231,Ratu$,1999,Jakarta
1232,SenSey',,
1233,113,,
1234,Intouchable,1992,Val-de-Marne
1235,L√©a Castel,1988-12-01,Marseille
1236,Furlax,,
1237,Qs Gang,2002,Detroit
1238,Demna,2003,
1239,Whatever51,,
1240,Fresh laDouille,,
1241,KANIS,,
1242,Woody,,
1243,Zekwe Ramos,,
1244,Ouss 47,,
1245,Buds,,
1246,Hash 24,,
1247,Nirmou,,
1248,Zoken,,
1249,French The Kid,1999-12-11,Havering
1250,AnNie .Adaa,,
1251,Clara cry BB,,
1252,Nib,1999-06-27,Romania
1253,Binx,,
1254,Fgz,,
1255,Moms,,
1256,Mamato Lzh,1990-12-01,
1257,Douwy,,
1258,Raton,,
1259,Oussagaza,,
1260,Massoko Ls,,
1261,Abdi d'la Sf,,
1262,Ger,,
1263,Gouldo,,
1264,Abou Debeing,,
1265,Sadiya,,
1266,Prince K,,
1267,Mr Lacroix,,
1268,Les Sp√©cialistes,1997,
1269,Ku Plag,,
1270,amne,,
1271,Riane,,
1272,Grizly942,,
1273,Douma Kalash,,
1274,Krilino,,
1275,DonPalpo,,
1276,H3 MCM,1990-03-14,
1277,Dany Synth√©,,
1278,SoFLY & Nius,,
1279,Ransom,1980-09-09,Brooklyn
1280,Layon,,
1281,Rosaliedu38,,
1282,Fonky Family,,Marseille
1283,DJ Battle,,
1284,Rohff,1977-12-15,Antananarivo
1285,The Time Bomb,2005,
1286,Bauza,1911-04-28,La Habana
1287,Joe Di Marco,1940-06-21,Bologna
1288,Lone,,Nottingham
1289,Bruce Lee,1940-11-27,San Francisco
1290,White & Spirit,,
1291,Migos,2008,Lawrenceville
1292,Freko,,
1293,M√©nage √† trois,,
1294,Less Du 9,,
1295,Afrojazz,,
1296,Diam's,1980-07-25,Nicosia
1297,L.O.A.S,,
1298,Debaba,1961,Democratic Republic of the Congo
1299,MAM,,
1300,ANTILOPSA,,
1301,Jaeyez,,
1302,Kimfu,,
1303,oxmose,,
1304,Fredy K,,
1305,Busta Flex,1977-09-30,Soisy-sous-Montmorency
1306,Imane D.,,
1307,Baduy,,
1308,Boss,,
1309,Cyanure,,
1310,MAI LAN,1982,Paris
1311,Milicia Callejera,,
1312,Elgany,,
1313,Sefyu,1981-04-20,Goutte d'Or
1314,Jockey,2021,
1315,Chateau Flight,,
1316,Mystik,2006,Nyk√∂ping
1317,AZE,,
1318,Djoloff,,
1319,Rootsneg,,
1320,Sl√©o,,
1321,Soldafadas,,
1322,Yazid,,
1323,Jean-Fran√ßois Richet,1966-07-02,
1324,Radikalkicker,,
1325,1995,2008,
1326,Kwin Labani,,
1327,Mafia K'1 Fry,1995,
1328,Future,1983-11-20,Atlanta
1329,Lord Kossity Zoxea,1973-01-01,
1330,Ahmed Rushdi,1934-04-24,
1331,Endo,1995,Miami
1332,AKH,,
1333,Ibrahim Maalouf,1980-12-05,Beyrouth
1334,Madizm,,
1335,Kayliah,1981-07-02,Cr√©teil
1336,Nuttea,1968-01-01,Guadeloupe
1337,DJ Kobe,,
1338,Volodia,,
1339,China,1985,
1340,Jeru The Damaja,1972-02-14,Brooklyn
1341,Nicoletta,1944-04-11,Thonon-les-Bains
1342,Don Sylver,2001,Lier
1343,Sulee B Wax,1970,
1344,Afrodiziac,,
1345,Fuzati,1978-11,Versailles
1346,Disiz,1978-03-22,Amiens
1347,Tiwony,,Guadeloupe
1348,Morsay,1980-08-19,Beaumont-sur-Oise
1349,Nakk Mendosa,1976-03-30,Bobigny
1350,East,1975,
1351,Jo.e,,
1352,Method Man,1971-03-02,Hempstead
1353,Redman,1970-04-17,Newark
1354,DJ Tacteel,,
1355,Axis,,
1356,Blacko,1979-02-05,Montfermeil
1357,Philo,,
1358,Horace Brown,,Hartford
1359,Speed Bond,,
1360,Pierpoljak,1964-09-07,Paris
1361,Nahid Akhtar,,
1362,Naseem Begum,1936,
1363,Benj,,
1364,Don Capelli,,
1365,Johnny Ringo,1961,Kingston
1366,Olli Banjo,1977-01-12,Heidelberg
1367,Patrice,1979-07-09,Kerpen
1368,Pierro,,
1369,Afrodiziak,1982,
1370,Jango Jack,,
1371,Brian & Tony Gold,,Jamaica
1372,Carr√© Rouge,,
1373,Sp√©cialistes,1997,
1374,Bab,,
1375,D. Abuz,,
1376,Laure Milan,1980,
1377,PM,,
1378,K2C,,
1379,Abuz,,
1380,Thomas Banghalter,1980-07-04,Trondheim
1381,Costello,1954-08-25,Paddington
1382,Dreiser,,
1383,Sexto Sentido,1997,La Habana
1384,Theo Parrish,1972,"Washington, D.C."
1385,Armand,1946-04-10,Eindhoven
1386,Don Geo,,
1387,Toy,1979-10,Sunderland
1388,DJ Naughty J,,
1389,DJ Rash,,
1390,Nathyboss,,
